Recombination.Event.Number,Number.In..RDP.File,Begin,End,Begin.1,End.1,Begin.2,End.2,Recombinant.Sequence.s.,Minor.Parental.Sequence.s.,Major.Parental.Sequence.s.,RDP,GENECONV,Bootscan,Maxchi,Chimaera,SiSscan,PhylPro,LARD,X3Seq,Method_Count
15,15,2364,28,2364,28,2361,28,^MT241239_Singapore_2013,MT241238_Singapore_2013,Unknown (KC296444_Viet-Nam_2011),3.35E-210,4.89E-166,6.92E-155,1.07E-64,NA,5.34E-89,NA,NA,3.67E-293,6
23,24,1,2399,1,2385,1,2396,^PP621606_Nepal_2023,Unknown (KC296444_Viet-Nam_2011),MT241238_Singapore_2013,1.20E-115,1.08E-131,4.39E-116,6.22E-50,1.77E-23,5.42E-78,NA,NA,1.73E-89,7
26,27,3401,6296,3401,6296,3398,6279,OQ842459_USA_2017,MZ389229_Spain_2015,OP207965_USA_2016,4.98E-139,1.59E-130,3.99E-130,1.15E-48,7.14E-51,4.95E-57,NA,NA,1.43E-244,7
27,28,6286,3201,6286,3201,6269,3198,^MZ229657_China_2019,OP441393_China_2018,Unknown (KP266568_China_2009),1.75E-117,1.16E-112,2.24E-126,6.87E-52,1.56E-19,6.63E-64,NA,NA,6.42E-110,7
28,29,3744,5076,3737,5069,3741,5063,MN808792_China_2019,OP441393_China_2018,MN815811_China_2018,1.55E-111,9.64E-105,7.11E-102,1.94E-44,6.41E-35,1.70E-33,NA,NA,5.16E-128,7
29,30, 5077*,6302, 5070*,6295, 5064*,6285,MN808792_China_2019,OQ791573_USA_2018,MN815811_China_2018,3.79E-112,2.11E-96,1.13E-107,4.07E-28,1.16E-28,3.50E-33,NA,NA,4.03E-131,7
30,31,27,2448,27,2448,27,2445,^HQ738289_Madagascar_2005,JX275085_Nigeria_Poliovirus-2,FM955278_Madagascar_Coxsackievirus-A17,5.18E-111,2.30E-108,1.21E-106,1.97E-44,4.60E-29,3.92E-66,NA,NA,7.76E-65,7
31,32,3786,6302,3784,6300,3783,6285,^HQ998851_China_2010,KF311743_China_2011,KP266576_China_2010,1.58E-118,5.66E-110,4.72E-115,9.96E-42,8.77E-45,2.29E-51,NA,NA,3.51E-186,7
32,33,6299,2434,6297,2432,6282,2431,KM388538_China_2012,MK791150_China_2018,JX976773_China_2010,1.46E-123,2.19E-127,2.36E-111,3.05E-54,5.33E-03,1.08E-74,NA,NA,6.64E-257,7
33,34,6292,2398,6290,2396,6275,2395,^MH785183_Nigeria_2016,Unknown (OP410415_United-Kingdom_Poliovirus-2),JX275032_Nigeria_Poliovirus-2,9.62E-106,9.85E-112,8.27E-104,1.31E-45,1.62E-21,1.75E-74,NA,NA,6.59E-45,7
34,37,3624,6300,3617,6293,3621,6283,^PP461538_Thailand_2023,PP621655_Thailand_2019,PP861087_Hungary_2023,4.74E-99,4.48E-96,9.10E-97,4.13E-41,4.28E-43,2.50E-55,NA,NA,2.29E-136,7
35,38,3590,4551,3590,4551,3587,4548,^HM807310_Taiwan_2005,KF501389_China_2010,KC436266_Hong-Kong_2005,1.09E-96,3.09E-91,7.78E-96,1.74E-25,2.17E-25,9.94E-26,NA,NA,1.39E-93,7
39,44,6296,2368,6289,2361,6279,2365,^OR095792_China_2020,MG720258_China_2015,MK791150_China_2018,2.38E-117,5.60E-112,3.56E-92,2.74E-49,7.34E-51,1.22E-70,NA,NA,2.61E-177,7
40,45,2578,6300,2571,6293,2575,6283,^PP861087_Hungary_2023,OQ791573_USA_2018,Unknown (MF678341_Australia_2008),1.20E-88,1.37E-80,3.37E-85,1.50E-46,3.50E-50,3.43E-58,NA,NA,2.35E-193,7
41,47,3570,1,3564,1,3567,1,^FJ357838_China_2008,KP266578_China_2009,Unknown (JX017381_China_2011),7.04E-98,2.12E-77,2.88E-94,2.29E-40,3.40E-41,3.15E-40,NA,NA,7.48E-171,7
42,50,6299,2900,6292,2893,6282,2897,^MG720258_China_2015,MN815811_China_2018,Unknown (JN596587_China_2010),3.97E-91,6.06E-88,1.58E-81,1.98E-45,5.34E-35,9.52E-73,NA,NA,1.45E-91,7
45,53,6299,2923,6294,2918,6282,2920,^KM890278_China_2009,KP289437_China_2013,JX976773_China_2010,7.21E-91,4.64E-85,3.44E-82,7.52E-47,5.87E-29,3.25E-72,NA,NA,6.92E-145,7
46,54,1,2650,1,2650,1,2647,^MG013988_Senegal_2015,HQ424436_Greece_2010,LK021688_Madagascar_2011,1.89E-82,4.70E-86,3.78E-86,5.25E-44,1.50E-17,6.68E-70,NA,NA,6.08E-88,7
47,55,6300,2778,6293,2771,6283,2775,^MG720260_China_2015,MF678301_Australia_2008,MZ540960_China_2018,3.13E-86,1.43E-86,1.44E-79,1.36E-46,1.15E-13,1.65E-69,NA,NA,4.98E-152,7
49,57,6297,2988,6292,2983,6280,2985,^OQ842439_USA_2010,KP289434_China_2013,Unknown (KP289441_China_2013),4.07E-79,3.90E-80,4.32E-70,2.16E-44,5.42E-16,5.52E-65,NA,NA,1.06E-116,7
51,59,6300,3557,6292,3549,6283,3554,^JX644073_China_2004,Unknown (KP266578_China_2009),JX017381_China_2011,2.78E-78,1.26E-66,2.51E-62,1.33E-39,3.47E-33,8.47E-87,NA,NA,8.13E-141,7
52,60,164,2388,164,2388,164,2385,^PP621687_Thailand_2019,PP621219_Thailand_2019,PP887984_Hungary_2023,9.27E-91,1.89E-86,4.89E-79,4.68E-42,2.71E-41,8.67E-61,NA,NA,1.84E-111,7
53,61,3258,15,3257,15,3255,15,^KJ765699_China_2012,JX976771_China_2011,Unknown (AB705311_Japan_2011),2.95E-111,3.11E-103,1.88E-104,2.02E-44,2.92E-47,3.69E-54,NA,NA,3.68E-202,7
54,62,1,2542,1,2539,1,2539,^MT123346_China_2000,Unknown (KC954664_China_2009),JX678886_China_2002,1.46E-75,5.52E-87,1.12E-82,4.87E-42,1.37E-33,1.08E-68,NA,NA,8.14E-64,7
55,63,3323,6285,3320,6282,3320,6268,^AB705311_Japan_2011,Unknown (MF083153_China_2013),JX976771_China_2011,2.10E-98,9.79E-97,1.37E-89,5.19E-42,8.58E-43,1.17E-43,NA,NA,7.80E-162,7
56,64,6290,2652,6287,2649,6273,2649,^PP621683_Thailand_2019,JX976771_China_2011,Unknown (KP289441_China_2013),1.19E-83,1.45E-76,1.42E-79,4.85E-44,3.17E-35,5.14E-76,NA,NA,3.84E-101,7
57,65,6299,2923,6299,2923,6282,2920,^OQ969174_France_2018,PP621664_Thailand_2019,Unknown (JX476166_India_2010),1.54E-74,3.36E-73,6.98E-71,7.33E-43,4.60E-34,2.07E-71,NA,NA,2.49E-87,7
59,67,4933,1,4933,1,4920,1,PP621675_Thailand_2019,PP621680_Thailand_2019,PP621670_Thailand_2019,1.17E-72,1.95E-62,3.85E-69,1.13E-30,2.56E-26,1.76E-29,NA,NA,5.44E-60,7
60,68,3434,6279,3434,6279,3431,6264,PQ238721_USA_2018,OP572077_USA_2022,MK105982_France_2012,3.39E-68,2.40E-66,1.67E-66,6.14E-30,4.96E-31,1.31E-36,NA,NA,4.94E-106,7
61,69,6290,2806,6290,2806,6273,2803,^JX976773_China_2010,OP207962_USA_2015,Unknown (OQ791514_USA_2009),1.03E-71,1.92E-67,1.78E-69,3.63E-41,6.70E-23,1.38E-62,NA,NA,1.37E-81,7
62,70,3767,1,3764,1,3764,1,^HM185056_China_2008,Unknown (KF311743_China_2011),JX976771_China_2011,4.05E-79,4.57E-68,1.08E-70,4.51E-40,2.98E-42,1.46E-45,NA,NA,4.41E-124,7
64,73,798,1650,798,1650,798,1648,^KC954664_China_2009,HM002485_China_2008,ON646273_China_2022,8.74E-64,6.04E-43,8.75E-64,5.24E-13,1.74E-12,4.13E-13,NA,NA,7.03E-47,7
68,77,6302,3569,6302,3569,6285,3566,^KP266578_China_2009,JX017381_China_2011,MN481500_China_2013,7.27E-62,2.09E-60,1.86E-57,2.37E-37,1.24E-29,3.09E-87,NA,NA,3.23E-68,7
71,80,39,2417,39,2417,39,2414,^OQ401876_Spain_2021,KJ170573_Nigeria_Poliovirus-2,DQ358078_Netherlands_Coxsackievirus-A20,4.31E-62,5.97E-65,7.13E-51,1.84E-35,3.90E-26,7.41E-63,NA,NA,1.82E-04,7
72,81,100,2796,100,2796,100,2793,^OR039178_China_2019,PP621605_Thailand_2023,MW365443_China_2019,7.73E-61,8.35E-61,6.41E-49,5.83E-36,5.71E-32,4.90E-65,NA,NA,4.97E-68,7
73,82,3334,6302,3326,6294,3331,6285,^OQ842458_USA_2016,KF311743_China_2011,JN596588_China_2009,2.15E-74,NA,7.30E-72,6.06E-40,1.21E-37,1.70E-69,NA,NA,4.31E-127,6
74,83,6297,2910,6290,2904,6280,2907,^MF678311_Australia_2009,OQ842445_USA_2012,KF312882_China_2000,1.72E-59,3.78E-52,3.37E-52,4.91E-39,1.16E-33,4.86E-59,NA,NA,1.07E-92,7
75,84,2976,6294,2975,6293,2973,6277,^PP621679_Thailand_2019,PP621681_Thailand_2019,Unknown (AB647326_Japan_2010),7.79E-83,8.15E-74,2.24E-84,3.18E-40,6.93E-25,6.28E-71,NA,NA,1.59E-107,7
77,88,52,2361,52,2361,52,2358,^KP266571_China_2002,MH152412_Italy_1998,MZ389224_Spain_2016,5.38E-57,4.80E-40,2.40E-50,6.72E-33,1.00E-34,9.24E-53,NA,NA,2.69E-69,7
78,89,4260,6299,4260,6299,4257,6282,MF678296_Australia_2007,KR107057_India_2010,OQ791514_USA_2009,5.44E-58,2.05E-42,4.46E-56,7.40E-31,2.06E-35,3.77E-36,NA,NA,1.18E-87,7
79,90,6294,2382,6291,2379,6277,2379,^KP266568_China_2009,PP887984_Hungary_2023,Unknown (MF678347_Australia_2007),1.03E-58,3.74E-40,1.47E-49,1.58E-32,6.98E-25,5.21E-53,NA,NA,5.02E-47,7
80,91,4368,6302,4368,6302,4365,6285,^PP621605_Thailand_2023,Unknown (MZ389229_Spain_2015),OQ969171_France_2023,6.36E-80,NA,7.83E-71,2.19E-34,8.00E-29,1.41E-20,NA,NA,6.32E-106,6
81,92,6292,2930,6290,2928,6275,2927,^PP621681_Thailand_2019,AB647326_Japan_2010,PP621655_Thailand_2019,2.15E-58,4.42E-53,1.51E-55,9.07E-39,2.60E-29,6.23E-68,NA,NA,7.10E-61,7
82,93,6302,2602,6302,2602,6285,2599,ON646273_China_2022,JX678886_China_2002,LC506515_Japan_2007,1.06E-54,9.42E-57,1.22E-56,1.69E-31,2.78E-22,1.19E-61,NA,NA,3.26E-08,7
83,94,6302,2520,6302,2520,6285,2517,^MF678337_Australia_2005,MH152412_Italy_1998,Unknown (HM775882_South-Korea_2006),3.23E-56,1.35E-45,1.48E-48,1.04E-33,1.09E-24,4.76E-57,NA,NA,1.28E-40,7
84,96,6299,2427,6293,2421,6282,2424,^JN596587_China_2010,MH752986_USA_2004,MW481634_China_2019,5.95E-53,1.83E-44,4.09E-42,4.81E-30,1.44E-20,3.73E-58,NA,NA,3.41E-38,7
87,99,1,2660,1,2658,1,2657,MK791150_China_2018,KT353723_Taiwan_2008,PP621658_Thailand_2019,1.36E-50,2.96E-44,4.25E-42,7.36E-32,3.81E-28,5.06E-56,NA,NA,8.01E-40,7
88,100,162,2376,162,2376,162,2373,^PP621219_Thailand_2019,PP621664_Thailand_2019,Unknown (MW183137_China_2007),6.47E-52,6.76E-46,1.50E-38,2.93E-28,1.43E-24,5.36E-46,NA,NA,4.19E-15,7
90,102,3664,6290,3661,6287,3661,6273,^MZ389229_Spain_2015,OQ969171_France_2023,OP207968_USA_2017,4.09E-49,NA,1.91E-48,4.82E-27,8.05E-24,4.92E-18,NA,NA,5.23E-52,6
92,104,6265,2770,6265,2770,6250,2767,^OQ791573_USA_2018,MF678341_Australia_2008,Unknown (MK069966_Brazil_2015),1.75E-49,3.12E-57,6.15E-50,1.12E-36,1.25E-28,3.27E-61,NA,NA,1.81E-34,7
93,105,3684,6056,3684,6056,3681,6043,^MF083153_China_2013,JX976771_China_2011,Unknown (OP207959_USA_2015),9.10E-75,2.02E-80,4.01E-65,2.34E-37,2.60E-39,9.77E-50,NA,NA,7.43E-104,7
94,106,3814,6300,3811,6297,3811,6283,^OP207959_USA_2015,Unknown (KP289441_China_2013),JX976771_China_2011,7.95E-74,2.48E-61,6.54E-70,1.62E-34,1.67E-38,1.60E-40,NA,NA,3.79E-106,7
95,107,1128,1520,1128,1520,1128,1520,JF738001_Thailand_2009,JF738000_Thailand_2009,MN053435_Malaysia_2006,6.78E-50,1.88E-51,1.38E-53,2.81E-10,2.71E-10,1.08E-13,NA,NA,5.65E-19,7
96,108,3930,34,3923,34,3927,34,^KF311743_China_2011,KP289441_China_2013,OQ791558_USA_2015,7.57E-51,8.25E-46,4.49E-59,5.17E-27,4.15E-28,1.53E-36,NA,NA,1.74E-40,7
98,110, 2483*,3164, 2483*,3164, 2480*,3161,^HQ738302_Madagascar_2005,KT946715_China_Poliovirus-3,FM955278_Madagascar_Coxsackievirus-A17,2.18E-45,3.23E-49,1.74E-39,1.20E-21,3.13E-22,1.70E-28,NA,NA,2.91E-47,7
99,111,6284,2649,6277,2642,6267,2646,OQ791558_USA_2015,MW481634_China_2019,OQ791514_USA_2009,2.25E-45,2.64E-29,1.81E-37,1.08E-31,5.29E-29,2.73E-52,NA,NA,3.53E-56,7
100,112,5011,6300,4997,6286,4998,6283,^KX171334_China_2011,MW365443_China_2019,KX171336_China_2011,1.46E-68,NA,1.57E-64,2.49E-22,2.46E-19,1.64E-16,NA,NA,1.34E-68,6
102,114,1,2370,1,2370,1,2367,^HM031191_China_2008,MF678297_Australia_2008,KF990476_China_2012,1.71E-47,6.84E-33,1.37E-38,1.81E-29,6.32E-33,2.56E-50,NA,NA,3.37E-72,7
103,115,6297,2477,6297,2477,6280,2474,^MH752989_USA_2016,OQ969171_France_2023,Unknown (JX476166_India_2010),2.96E-42,4.90E-21,5.17E-30,3.25E-27,1.19E-20,4.45E-45,NA,NA,2.34E-19,7
104,116,6299,2360,6299,2360,6282,2357,^KP233830_Kuwait_2009,MF678341_Australia_2008,MN580136_China_1999,3.83E-42,1.60E-17,1.38E-38,1.12E-28,2.06E-26,5.69E-48,NA,NA,1.16E-32,7
105,117,6300,2895,6293,2888,6283,2892,MF678301_Australia_2008,MN815811_China_2018,OQ791514_USA_2009,5.91E-44,6.24E-38,5.16E-35,2.29E-32,8.23E-28,6.24E-57,NA,NA,4.40E-42,7
106,118,3860,6297,3843,6280,3857,6280,^KU379646_China_2013,Unknown (KP289441_China_2013),JX976771_China_2011,8.64E-42,3.67E-27,6.09E-46,2.02E-24,3.83E-19,1.01E-36,NA,NA,4.08E-09,7
108,121,102,2375,102,2368,102,2372,^MN181514_Nigeria_2014,MN181513_Nigeria_2010,Unknown (MF678297_Australia_2008),7.50E-40,3.80E-28,1.20E-32,5.92E-26,2.00E-25,7.72E-46,NA,NA,2.46E-21,7
109,122,6297,3394,6297,3394,6280,3391,^KP266576_China_2010,MF574099_China_2010,Unknown (GU550508_China_1999),4.09E-40,5.73E-44,1.15E-34,8.89E-30,1.06E-20,2.10E-76,NA,NA,NA,6
110,123,6292,2784,6287,2779,6275,2781,^KX810066_USA_2013,Unknown (OQ842451_USA_2013),MN590273_France_2019,6.14E-41,4.81E-41,1.73E-24,5.09E-29,3.48E-20,3.63E-64,NA,NA,3.64E-12,7
111,124,6300,2694,6294,2688,6283,2691,^PP621608_Nepal_2023,KR107055_India_2009,MH144607_India_2012,9.81E-40,5.24E-46,5.33E-33,1.03E-29,1.42E-24,1.24E-63,NA,NA,2.24E-11,7
112,125,4585,6299,4577,6291,4578,6282,^JN596588_China_2009,JX843811_China_2009,Unknown (OP441393_China_2018),2.00E-42,NA,2.38E-39,4.30E-19,5.76E-21,7.75E-71,NA,NA,4.43E-43,6
114,128,6302,2384,6300,2382,6285,2381,^AB647326_Japan_2010,MG451804_United-Kingdom_2016,Unknown (PP621642_Thailand_2019),4.01E-42,2.10E-27,4.39E-27,1.15E-27,1.25E-31,4.49E-39,NA,NA,8.29E-64,7
115,129,5982,6244,5966,6228,5969,6231,MH144606_India_2012,MH144607_India_2012,OQ791547_USA_Enterovirus-C99,4.02E-37,3.54E-38,NA,9.53E-08,6.90E-10,1.03E-12,NA,NA,3.44E-14,6
116,134,4642,6300,4636,6294,4630,6283,^KR107057_India_2010,MW183139_China_2007,OQ842442_USA_2011,1.43E-35,2.52E-21,5.91E-38,2.34E-19,5.22E-22,7.91E-28,NA,NA,5.41E-35,7
117,135,26,2356,26,2356,26,2353,^MH745407_Nigeria_2014,KY792585_India_1996,Unknown (KC292019_China_2000),1.48E-35,1.29E-07,5.11E-27,7.98E-24,1.05E-23,3.62E-42,NA,NA,7.12E-24,7
118,136,48,2514,48,2514,48,2511,^MF678297_Australia_2008,OQ791514_USA_2009,MN166093_USA_2015,3.57E-37,5.75E-07,1.63E-28,3.16E-25,3.88E-22,3.68E-38,NA,NA,1.48E-32,7
119,137,4929,5646,4929,5646,4916,5633,LC627090_VietNam_2016,Unknown (ON502276_China_2016),ON502355_China_2016,1.68E-35,9.34E-32,2.39E-35,4.12E-20,5.45E-16,5.17E-95,NA,NA,4.85E-36,7
122,140,240,2392,240,2392,240,2389,^PP621607_Nepal_2023,MG451805_United-Kingdom_2016,PP461531_Nepal_2023,1.27E-33,1.95E-26,3.33E-20,1.59E-21,1.58E-25,7.97E-29,NA,NA,3.88E-42,7
123,141,142,2422,142,2422,142,2419,MT347976_USA_2016,MF678348_Australia_2010,MG451805_United-Kingdom_2016,1.62E-36,1.03E-14,1.01E-28,1.42E-24,1.04E-26,9.69E-40,NA,NA,3.46E-46,7
124,142,1,2532,1,2529,1,2529,^PP621220_Thailand_2019,OP207968_USA_2017,KR107055_India_2009,3.55E-32,7.78E-18,3.99E-23,1.30E-22,2.58E-20,6.45E-43,NA,NA,2.91E-11,7
125,143,3440, 3785*,3440, 3785*,3437, 3782*,^JX017382_China_2011,JX976771_China_2011,MF574099_China_2010,9.88E-32,3.62E-22,4.61E-32,1.07E-07,4.17E-08,3.75E-09,NA,NA,1.14E-22,7
126,144,15,2404,15,2404,15,2401,^MF678331_Australia_2008,MF678342_Australia_2008,Unknown (KJ755190_China_1999),1.17E-31,5.43E-05,2.78E-25,8.55E-23,4.53E-22,1.09E-43,NA,NA,4.17E-18,7
127,146,6299,2762,6299,2762,6282,2759,^MF678343_Australia_2010,PP621642_Thailand_2019,Unknown (OQ791570_USA_2016),1.23E-34,2.05E-12,6.03E-28,1.31E-27,1.07E-23,6.53E-45,NA,NA,5.05E-52,7
128,147,6300,3078,6300,3078,6283,3075,^OQ791563_USA_2015,OQ791537_USA_2010,Unknown (OL614976_Brazil_2016),4.71E-33,9.64E-33,2.76E-30,5.85E-30,2.67E-20,2.48E-57,NA,NA,5.93E-09,7
129,148,5010,46,5005,46,4997,46,^OQ791567_USA_2015,OQ791514_USA_2009,Unknown (OQ842428_USA_2017),1.31E-30,NA,5.32E-31,4.49E-22,3.22E-22,4.15E-19,NA,NA,2.79E-31,6
130,149,4092,5576,4092,5576,4089,5563,^ON502276_China_2016,MG756693_Taiwan_2015,Unknown (KP308450_Cambodia_2012),8.30E-36,2.41E-39,4.77E-33,1.70E-23,3.54E-18,7.99E-37,NA,NA,3.98E-06,7
131,150,4616,32,4615,32,4604,32,^OQ842428_USA_2017,PP621642_Thailand_2019,MF678348_Australia_2010,2.23E-31,1.31E-06,8.52E-31,5.21E-22,5.67E-25,1.21E-16,NA,NA,3.80E-35,7
132,151,4568,8,4565,8,4565,8,^KT006374_Russia_1975,Unknown (PP621632_Thailand_2019),KF878966_Australia_2011,1.14E-35,2.80E-19,4.78E-32,1.44E-18,1.48E-22,1.99E-26,NA,NA,1.67E-31,7
133,152,5926,14,5926,14,5913,14,^OP572092_USA_2022,MK105986_France_2018,OP321153_USA_2022,7.25E-30,2.62E-24,1.10E-27,6.03E-06,1.07E-05,1.39E-07,NA,NA,2.74E-21,7
134,153,312,2585,312,2582,312,2582,^MK512666_China_1991,KF495604_China_Enterovirus-C96,PP756353_France_Coxsackievirus-A22,4.69E-30,1.35E-11,NA,3.35E-20,5.59E-23,4.63E-29,NA,NA,2.69E-39,6
135,154,6302,2434,6300,2432,6285,2431,^PP621598_Nepal_2023,Unknown (MN181513_Nigeria_2010),PP461533_Nepal_2023,3.06E-34,2.96E-11,4.96E-20,4.20E-24,5.55E-27,7.78E-41,NA,NA,6.36E-44,7
136,155,140,2367,140,2364,140,2364,^OQ842413_USA_2009,PP887984_Hungary_2023,Unknown (PP621655_Thailand_2019),5.76E-33,2.00E-26,1.00E-19,1.92E-21,1.56E-25,2.53E-32,NA,NA,2.09E-42,7
137,156,6292,2798,6291,2797,6275,2795,^OQ842451_USA_2013,MN590273_France_2019,PP887984_Hungary_2023,3.03E-35,2.64E-35,3.27E-26,1.37E-26,2.63E-19,5.32E-55,NA,NA,2.04E-08,7
138,160,165,2430,165,2430,165,2427,^OL614976_Brazil_2016,MZ394039_China_2016,Unknown (OQ077987_Uganda_2012),2.29E-28,1.89E-16,8.28E-24,8.40E-22,7.69E-19,3.21E-45,NA,NA,9.98E-06,7
139,161,2668,4137,2666,4135,2665,4134,^PP621655_Thailand_2019,PP887984_Hungary_2023,Unknown (JQ801739_China_2009),1.74E-27,1.35E-20,1.55E-24,7.09E-22,1.60E-21,1.22E-27,NA,NA,1.46E-29,7
140,162,3292,3640,3287,3635,3289,3637,^MN166093_USA_2015,Unknown (PP621613_Thailand_2019),OQ791567_USA_2015,7.29E-27,2.52E-12,5.20E-23,3.60E-08,7.17E-07,2.31E-25,NA,NA,NA,6
141,163,4928,5732,4928,5732,4915,5719,^ON502337_China_2017,ON502283_China_2017,ON502207_China_2017,8.24E-27,8.22E-20,6.02E-27,4.63E-10,2.05E-08,6.71E-08,NA,NA,2.86E-30,7
142,165,186,2464,186,2458,186,2461,OQ791539_USA_2011,MH752986_USA_2004,OQ077987_Uganda_2012,4.50E-29,1.80E-07,2.16E-20,7.63E-22,3.54E-22,2.05E-39,NA,NA,4.53E-21,7
143,166,40,2359,40,2353,40,2356,^MF678320_Australia_2008,MH752986_USA_2004,Unknown (PP621601_Nepal_2023),6.61E-30,NA,1.25E-18,1.28E-18,1.08E-18,1.01E-33,NA,NA,5.12E-14,6
144,167,4634,6299,4634,6299,4622,6282,^OP207965_USA_2016,Unknown (JX843811_China_2009),JX017381_China_2011,1.38E-31,1.35E-30,4.79E-27,3.07E-18,7.42E-20,3.09E-28,NA,NA,7.41E-40,7
145,168,5277,6297,5263,6283,5264,6280,^MK069966_Brazil_2015,MF678341_Australia_2008,Unknown (OQ791537_USA_2010),2.41E-25,NA,6.86E-24,4.67E-27,2.27E-21,8.58E-07,NA,NA,2.12E-34,6
146,169,394,2392,394,2392,394,2389,^JQ801739_China_2009,PP887984_Hungary_2023,Unknown (MZ540960_China_2018),3.24E-25,9.24E-15,3.77E-10,9.31E-15,8.36E-16,5.51E-21,NA,NA,6.80E-10,7
147,170,132,2386,132,2386,132,2383,^PP461528_Nepal_2023,MK689070_Brazil_2014,PP461533_Nepal_2023,3.67E-31,4.11E-05,6.09E-21,8.61E-20,6.75E-21,1.46E-35,NA,NA,2.88E-19,7
148,171,114,2418,114,2418,114,2415,^KY888275_Hungary_1999,MH152412_Italy_1998,KX171336_China_2011,7.80E-25,NA,2.31E-22,1.74E-22,1.28E-21,9.18E-47,NA,NA,6.18E-16,6
149,172,165,2375,165,2368,165,2372,^PP461533_Nepal_2023,MN181513_Nigeria_2010,PP461523_Nepal_2023,4.37E-29,1.85E-10,1.72E-13,9.27E-20,1.90E-23,1.06E-37,NA,NA,2.91E-28,7
150,173,76,2428,76,2414,76,2425,KF990476_China_2012,KX171336_China_2011,JX843811_China_2009,1.61E-25,NA,2.25E-18,1.12E-20,7.98E-24,2.15E-33,NA,NA,1.04E-37,6
151,174,5176,6288,5176,6288,5163,6271,MH716380_VietNam_2014,Unknown (MN053435_Malaysia_2006),MH716374_Viet-Nam_2014,1.46E-24,1.20E-20,4.39E-21,3.07E-17,8.54E-19,1.34E-22,NA,NA,4.67E-43,7
152,175,4051, 4616*,4051, 4616*,4048, 4604*,^MW183139_China_2007,Unknown (KR107057_India_2010),MW183137_China_2007,2.12E-30,NA,2.38E-27,1.87E-15,1.31E-09,7.78E-04,NA,NA,1.39E-06,6
155,178,5758,5928,5742,5912,5745,5915,MH144606_India_2012,MH144607_India_2012,PP756365_France_Enterovirus-C99,5.68E-24,9.06E-25,2.93E-20,1.54E-06,1.50E-05,NA,NA,NA,NA,5
156,179, 2656*,3271, 2656*,3271, 2653*,3268,^OP441391_China_2013,Unknown (JX017381_China_2011),OP672302_China_2014,4.50E-29,1.23E-18,2.17E-26,1.47E-11,3.99E-12,2.47E-66,NA,NA,3.29E-23,7
157,180, 4683*,6291, 4682*,6290, 4671*,6274,^MZ540960_China_2018,KX641240_China_2013,MG720260_China_2015,2.88E-24,2.21E-20,6.64E-19,6.43E-14,2.33E-14,1.14E-25,NA,NA,1.58E-24,7
158,181,46,2358,46,2358,46,2355,^PP621642_Thailand_2019,MF678342_Australia_2008,OQ791570_USA_2016,3.62E-22,NA,9.24E-13,7.26E-19,3.43E-19,1.60E-33,NA,NA,4.53E-22,6
159,182,86,2402,86,2402,86,2399,^LC506515_Japan_2007,Unknown (KY315729_China_2015),KF501389_China_2010,2.61E-23,1.35E-03,5.98E-14,1.10E-192,1.45E-19,5.51E-94,NA,NA,8.13E-29,7
160,183,44,2416,44,2413,44,2413,^MH484165_Brazil_2010,HQ415758_China_Enterovirus-C96,Unknown (OP137286_Israel_Poliovirus-3),2.89E-25,5.11E-13,NA,8.49E-17,4.18E-20,1.10E-28,NA,NA,2.59E-28,6
161,184,3554,4723,3554,4722,3551,4710,^KF982854_China_2012,JQ742001_China_2001,HQ424436_Greece_2010,2.98E-24,8.02E-19,1.61E-21,2.69E-16,6.81E-18,7.24E-37,NA,NA,7.59E-25,7
162,185,3584,6285,3582,6280,3581,6268,MH716381_VietNam_2013,KJ686176_Viet-Nam_2012,KJ686222_Viet-Nam_2012,2.17E-22,1.36E-19,2.17E-22,7.45E-17,8.27E-18,7.53E-19,NA,NA,4.08E-43,7
163,189,184,2369,184,2369,184,2366,PP621674_Thailand_2019,MH043137_Latvia_2014,KR107055_India_2009,8.40E-22,NA,8.49E-12,7.73E-16,6.65E-18,2.15E-27,NA,NA,8.67E-14,6
164,190,212,697,212,697,212,697,MH341711_China_2016,MK105986_France_2018,MT791932_France_2016,2.67E-21,2.55E-15,1.41E-16,3.17E-06,4.22E-06,1.59E-04,NA,NA,6.93E-08,7
165,191,145,2412,145,2412,145,2409,MW365443_China_2019,MH144600_India_2013,KJ755190_China_1999,1.89E-22,1.97E-09,1.64E-11,7.76E-18,5.06E-14,3.10E-44,NA,NA,8.02E-05,7
166,192,43,2464,43,2463,43,2461,^MF678342_Australia_2008,MH144600_India_2013,KJ755189_China_1999,1.17E-20,4.10E-06,1.46E-12,1.32E-17,1.19E-14,5.19E-39,NA,NA,7.09E-07,7
167,193,4357,5740,4354,5737,4354,5727,^MG451809_UnitedKingdom_2017,MH144604_India_2013,Unknown (JX017381_China_2011),3.87E-22,1.51E-10,4.00E-18,7.71E-10,2.39E-08,4.91E-20,NA,NA,NA,6
168,195,70,3041,70,3038,70,3038,^OP207962_USA_2015,MH152412_Italy_1998,OQ791514_USA_2009,1.73E-25,1.40E-07,2.51E-17,7.74E-21,2.79E-22,7.48E-37,NA,NA,7.73E-37,7
169,196,16,2542,16,2535,16,2539,^OQ077987_Uganda_2012,Unknown (MG451805_United-Kingdom_2016),MG451806_United-Kingdom_2016,9.19E-26,2.74E-20,4.66E-17,1.18E-21,9.99E-23,1.62E-40,NA,NA,3.39E-29,7
170,198,6297,2713,6297,2713,6280,2710,^MH152412_Italy_1998,PP621689_Nepal_2023,Unknown (PP621691_Nepal_2023),1.35E-20,2.25E-04,1.92E-10,1.25E-17,1.67E-18,3.36E-28,NA,NA,2.56E-30,7
171,199, 6288*,3520, 6287*,3519, 6271*,3517,MF678347_Australia_2007,KP266568_China_2009,MG451804_United-Kingdom_2016,5.27E-19,5.26E-12,7.20E-18,1.86E-08,2.93E-06,6.46E-16,NA,NA,1.33E-06,7
172,200,98,2612,98,2606,98,2609,^MH752986_USA_2004,KX610685_USA_2016,Unknown (MH144600_India_2013),4.17E-24,9.39E-11,2.88E-16,3.89E-21,4.31E-16,1.68E-46,NA,NA,3.26E-08,7
174,203,172,2548,172,2536,172,2545,^OQ842442_USA_2011,JX476166_India_2010,Unknown (PP621670_Thailand_2019),7.96E-19,2.77E-07,3.65E-11,2.52E-17,1.56E-21,4.11E-27,NA,NA,3.70E-27,7
175,204,6045, 92*,6045, 92*,6032, 92*,^HQ738302_Madagascar_2005,KJ170677_Nigeria_Poliovirus-3,FM955278_Madagascar_Coxsackievirus-A17,3.04E-18,1.02E-08,1.64E-18,2.55E-12,2.30E-10,3.98E-03,NA,NA,9.21E-13,7
176,205,2370, 2577*,2363, 2570*,2367, 2574*,PP861087_Hungary_2023,PP621664_Thailand_2019,MF678301_Australia_2008,2.94E-19,1.56E-15,1.47E-14,1.66E-04,5.55E-04,NA,NA,NA,NA,5
177,206,4730,5646,4730,5646,4717,5633,ON502310_China_2016,ON502207_China_2017,ON502355_China_2016,1.30E-17,5.37E-03,1.93E-18,4.53E-09,1.55E-07,8.65E-05,NA,NA,4.30E-18,7
178,207,3246,4633,3246,4633,3243,4621,^JX017381_China_2011,OQ791511_USA_2009,MF574099_China_2010,9.52E-25,NA,1.66E-20,3.86E-12,7.36E-11,1.89E-66,NA,NA,7.34E-08,6
179,208, 5647*,6302, 5647*,6302, 5634*,6285,LC627090_VietNam_2016,Unknown (ON502207_China_2017),MG207963_China_2017,5.54E-20,4.29E-13,9.48E-18,3.26E-09,9.64E-11,4.07E-14,NA,NA,2.63E-20,7
180,209,3544,3742,3535,3733,3541,3739,MH144604_India_2013,MH118024_India_2017,PP621680_Thailand_2019,7.60E-21,8.89E-16,1.82E-16,1.43E-04,1.93E-05,1.85E-14,NA,NA,1.26E-07,7
181,210,2954,3282,2954,3282,2951,3279,^KF982854_China_2012,JX678886_China_2002,HQ424436_Greece_2010,1.18E-20,3.20E-18,1.85E-16,6.01E-13,8.53E-13,1.39E-12,NA,NA,4.11E-05,7
182,211,5083,5450,5082,5449,5070,5437,^KF982854_China_2012,JX678886_China_2002,HQ424436_Greece_2010,2.79E-25,1.29E-29,6.27E-32,4.75E-12,1.65E-11,1.41E-15,NA,NA,4.59E-22,7
183,212,5806,6108,5805,6107,5793,6095,KF982854_China_2012,KC414134_China_2011,HQ424436_Greece_2010,1.44E-23,8.49E-23,1.06E-24,1.79E-10,1.62E-10,2.23E-09,NA,NA,2.74E-28,7
184,213,6278,2734,6278,2734,6263,2731,^MF678348_Australia_2010,OQ842423_USA_2013,Unknown (HM775882_South-Korea_2006),5.09E-19,NA,1.10E-12,9.66E-19,4.21E-14,1.07E-38,NA,NA,2.11E-04,6
185,214,4210,78,4210,78,4207,78,^PP461523_Nepal_2023,PP621691_Nepal_2023,Unknown (HM775882_South-Korea_2006),4.67E-16,NA,2.29E-22,2.89E-15,5.12E-13,2.23E-25,NA,NA,NA,5
186,216, 4754*,6301, 4754*,6301, 4741*,6284,^FJ606450_China_2008,MW713442_China_2016,FJ360546_China_2008,3.08E-17,1.37E-14,5.25E-17,9.33E-18,2.08E-14,4.28E-47,NA,NA,1.89E-10,7
187,217,5089,6170,5086,6167,5076,6157,^KP266568_China_2009,OP672302_China_2014,Unknown (MF574099_China_2010),8.18E-15,NA,1.02E-13,3.21E-16,1.35E-14,5.92E-10,NA,NA,1.56E-20,6
188,218,4066,4451,4033,4418,4063,4448,^MH118024_India_2017,PP858877_Hungary_2024,Unknown (MH718269_USA_2018),3.71E-16,NA,1.74E-10,2.09E-11,3.71E-09,NA,NA,NA,8.15E-09,5
189,219,130,2368,130,2365,130,2365,^PP887984_Hungary_2023,OP207968_USA_2017,MW183137_China_2007,2.19E-14,NA,6.42E-09,4.78E-14,7.80E-16,2.29E-25,NA,NA,9.36E-12,6
190,220, 6291*,3414, 6286*,3409, 6274*,3411,KM890278_China_2009,MF678303_Australia_2009,KM388538_China_2012,2.24E-14,1.77E-07,3.67E-12,4.50E-11,2.71E-06,7.15E-09,NA,NA,5.71E-07,7
191,221,3978,4787,3978,4787,3975,4774,JQ801739_China_2009,JX644073_China_2004,KX641240_China_2013,3.69E-22,1.37E-16,3.50E-19,8.58E-16,1.88E-17,6.34E-17,NA,NA,6.78E-40,7
192,222, 6290*,4381, 6282*,4373, 6273*,4378,^JX644073_China_2004,Unknown (OP441391_China_2013),JX843811_China_2009,1.13E-13,2.85E-08,1.05E-13,2.87E-11,8.19E-11,1.19E-12,NA,NA,4.95E-21,7
193,224,4096,4950,4096,4950,4093,4937,^PP858877_Hungary_2024,JX678886_China_2002,MH718269_USA_2018,1.66E-15,NA,7.16E-11,3.69E-14,4.22E-11,1.58E-66,NA,NA,NA,5
194,225,6081, 6282*,6081, 6282*,6068, 6266*,^OP441386_China_2013,OP441393_China_2018,Unknown (OP672302_China_2014),3.64E-17,3.93E-16,7.45E-17,1.34E-02,NA,NA,NA,NA,4.31E-03,5
196,227,5011,6300,5005,6294,4998,6283,^KR107055_India_2009,MW183139_China_2007,MH144604_India_2013,4.40E-13,6.07E-13,6.47E-19,5.05E-08,1.58E-05,1.31E-18,NA,NA,NA,6
197,228,2465,3102,2462,3099,2462,3099,^OP207959_USA_2015,Unknown (KP262053_China_2004),AB705311_Japan_2011,2.34E-15,NA,4.32E-12,1.45E-11,3.10E-10,NA,NA,NA,8.99E-10,5
198,229,4639,18,4631,18,4627,18,^MH614925_China_2010,MW183139_China_2007,Unknown (OQ842423_USA_2013),3.04E-13,7.46E-07,5.45E-14,7.98E-11,9.17E-08,5.68E-20,NA,NA,3.79E-03,7
199,231, 2*,2950, 2*,2950, 2*,2947,^PP621670_Thailand_2019,PP621675_Thailand_2019,MW183137_China_2007,4.84E-17,4.41E-15,3.97E-14,2.15E-19,3.38E-15,7.12E-61,NA,NA,1.38E-17,7
200,232, 3103*, 3813*, 3100*, 3810*, 3100*, 3810*,^OP207959_USA_2015,Unknown (MN181513_Nigeria_2010),OP207968_USA_2017,3.26E-11,NA,2.52E-10,1.35E-07,9.80E-09,3.53E-07,NA,NA,NA,5
201,235,4118,86,4115,86,4115,86,^HM775882_SouthKorea_2006,Unknown (PP621613_Thailand_2019),PP621691_Nepal_2023,8.61E-11,NA,5.37E-15,2.36E-13,3.89E-12,9.85E-23,NA,NA,4.08E-09,6
202,238,5522,5624,5506,5608,5509,5611,MH144606_India_2012,MH144607_India_2012,HQ415758_China_Enterovirus-C96,3.91E-14,9.46E-15,8.30E-07,1.81E-02,NA,NA,NA,NA,2.26E-04,5
205,244,3334,3435,3323,3424,3331,3432,MH144598_India_2017,MW655540_China_2019,MZ389224_Spain_2016,7.15E-12,4.88E-09,2.05E-04,NA,0.041350124,3.47E-02,NA,NA,2.68E-04,6
207,248,46,2347,46,2347,46,2344,^MN181513_Nigeria_2010,PP621632_Thailand_2019,Unknown (KJ755189_China_1999),6.01E-14,NA,1.40E-06,1.52E-14,8.79E-13,4.48E-39,NA,NA,NA,5
208,251, 3538*,5175, 3538*,5175, 3535*,5162,^KC414134_China_2011,HM002485_China_2008,Unknown (MH718269_USA_2018),2.29E-10,7.40E-10,1.95E-08,3.12E-14,1.72E-10,4.85E-39,NA,NA,1.36E-16,7
209,252,2360, 6305*,2353, 6298*,2357, 6288*,^PP461538_Thailand_2023,KR107055_India_2009,MF678301_Australia_2008,7.14E-14,NA,1.55E-10,9.01E-10,8.72E-05,NA,NA,NA,5.35E-09,5
210,253,5106, 6302*,5103, 6299*,5093, 6285*,^MK512666_China_1991,PP756361_France_Coxsackievirus-A1,MH484165_Brazil_Enterovirus-C96,7.72E-11,1.13E-12,NA,2.60E-09,4.24E-08,1.76E-30,NA,NA,1.88E-05,6
211,254,4142,6305,4139,6302,4139,6288,^KF312882_China_2000,MZ389224_Spain_2016,MG451805_United-Kingdom_2016,3.08E-15,4.30E-04,4.78E-14,4.04E-11,1.70E-08,1.21E-21,NA,NA,1.95E-05,7
212,256, 3415*,4039, 3410*,4034, 3412*,4036,^KM890278_China_2009,Unknown (PP621658_Thailand_2019),JX976773_China_2010,2.34E-09,NA,1.09E-06,1.52E-11,9.30E-10,4.81E-32,NA,NA,6.97E-14,6
213,257,5060,6291,5053,6284,5047,6274,^PP548238_France_2024,KY941933_Nigeria_Poliovirus-3,MG880752_Mexico_Coxsackievirus-A24,1.13E-34,NA,NA,1.46E-18,8.14E-13,2.40E-03,NA,NA,8.44E-10,5
214,259,3390, 3952*,3390, 3952*,3387, 3949*,^JQ801739_China_2009,JX843811_China_2009,KP289441_China_2013,1.97E-16,2.11E-04,6.16E-14,4.72E-10,1.43E-09,3.54E-09,NA,NA,5.02E-13,7
215,261, 148*,2354, 148*,2353, 148*,2351,^OQ842428_USA_2017,OQ842423_USA_2013,MZ389224_Spain_2016,1.56E-08,NA,2.24E-04,6.26E-13,2.11E-11,9.77E-38,NA,NA,NA,5
216,263,2352,3179,2344,3171,2349,3176,^KP262053_China_2004,KX641240_China_2013,Unknown (OP207968_USA_2017),3.51E-12,NA,2.46E-09,2.48E-09,4.43E-11,2.52E-33,NA,NA,2.10E-11,6
217,264, 132*,2472, 132*,2472, 132*,2469,^MF678296_Australia_2007,OQ791514_USA_2009,KX171334_China_2011,5.35E-10,1.11E-10,2.16E-07,1.22E-15,2.56E-11,9.50E-49,NA,NA,1.63E-08,7
218,266,2785,3242,2782,3239,2782,3239,^HM185056_China_2008,Unknown (GU550508_China_1999),JX976771_China_2011,7.40E-08,NA,4.84E-07,1.63E-16,4.79E-11,NA,NA,NA,7.34E-08,5
220,269,6135,2898,6122,2895,6122,2895,^MN515037_Spain_2016,JX678886_China_2002,PP621603_Nepal_2023,3.08E-08,1.43E-07,NA,2.29E-118,2.55E-10,3.82E-53,NA,NA,NA,5
221,272,6130, 6290*,6130, 6290*,6117, 6273*,OP672302_China_2014,KP289441_China_2013,OP441391_China_2013,8.57E-15,3.70E-11,NA,0.014575404,1.51E-02,NA,NA,NA,8.15E-09,5
222,273,106,2396,106,2389,106,2393,^KF311743_China_2011,PP621658_Thailand_2019,KX641240_China_2013,5.33E-07,NA,NA,4.13E-09,1.17E-07,1.16E-25,NA,NA,8.15E-09,5
225,276,5740,5846,5731,5837,5727,5833,MH144604_India_2013,FJ606450_China_2008,PP621646_Thailand_2019,1.85E-09,2.85E-05,NA,2.61E-02,NA,1.68E-25,NA,NA,2.28E-06,5
226,277,6284,3605,6284,3605,6267,3602,ON502341_China_2018,KU936128_China_2014,KP289422_China_2013,7.90E-07,1.43E-03,2.34E-06,1.85E-10,2.94E-07,1.17E-15,NA,NA,8.15E-09,7
227,278, 6290*,3456, 6289*,3455, 6273*,3453,^KF878966_Australia_2011,OQ842451_USA_2013,MW183137_China_2007,4.58E-10,2.22E-03,NA,1.84E-04,2.79E-06,1.01E-09,NA,NA,0.018065079,6
230,282,3203,4189,3200,4186,3200,4186,OQ842413_USA_2009,OQ791558_USA_2015,KP266571_China_2002,8.88E-11,NA,2.52E-09,2.79E-11,4.00E-12,1.30E-11,NA,NA,1.21E-14,6
232,292,2360,4314,2355,4306,2357,4311,MN914204_Malawi_2004,Unknown (KX162692_Equatorial-Guinea_Poliovirus-1),DQ358078_Netherlands_Coxsackievirus-A20,7.61E-12,NA,6.66E-09,7.30E-10,8.83E-09,2.39E-18,NA,NA,4.08E-09,6
233,295,14,2346,14,2344,14,2343,^MN914197_Malawi_2004,Unknown (KX162680_Cameroon_Poliovirus-1),KY941935_Pakistan_Poliovirus-1,8.99E-09,2.76E-02,1.09E-03,1.54E-06,6.55E-07,6.60E-15,NA,NA,NA,6
235,302,5030, 6277*,5030, 6277*,5017, 6262*,^MF678348_Australia_2010,MF678301_Australia_2008,Unknown (MG720258_China_2015),1.95E-10,1.14E-05,NA,5.53E-10,1.11E-11,1.05E-13,NA,NA,3.67E-08,6
237,306, 2798*,3118, 2790*,3110, 2795*,3115,^MH614925_China_2010,JQ397329_China_2010,JX644073_China_2004,3.84E-10,3.12E-04,NA,0.000110645,4.24E-05,NA,NA,NA,1.22E-08,5
238,307, 3144*, 3557*, 3136*, 3549*, 3141*, 3554*,^JX644073_China_2004,OQ791511_USA_2009,MH614925_China_2010,7.55E-11,NA,1.60E-08,2.72E-03,1.97E-03,0.026370565,NA,NA,4.08E-09,6
240,310,3282,6300,3282,6300,3279,6283,^PP621689_Nepal_2023,PP621613_Thailand_2019,Unknown (OQ791514_USA_2009),3.81E-09,NA,NA,8.99E-10,2.13E-08,1.78E-18,NA,NA,6.56E-07,5
241,313,2258,3388,2255,3385,2256,3385,^PP621691_Nepal_2023,PP621603_Nepal_2023,MG982663_India_Coxsackievirus-A21,1.06E-03,NA,NA,3.38E-02,7.67E-03,6.21E-07,NA,NA,2.88E-02,5
242,314,2808,3760,2800,3752,2805,3757,^PP461531_Nepal_2023,Unknown (PP621614_Thailand_2019),PP621598_Nepal_2023,3.24E-06,1.93E-03,NA,1.83E-07,4.54E-07,7.30E-12,NA,NA,7.31E-03,6
244,316, 6296*,4092, 6289*,4085, 6279*,4089,^MG720258_China_2015,MF678301_Australia_2008,Unknown (OQ842423_USA_2013),1.91E-03,NA,NA,2.27E-04,3.02E-04,1.40E-07,NA,NA,2.42E-05,5
267,355~,2781,3276,2778,3273,2778,3273,^MZ389229_Spain_2015,Unknown (MW481634_China_2019),KX641240_China_2013,6.52E-03,NA,NA,1.76E-05,2.92E-05,4.92E-34,NA,NA,5.06E-05,5
268,358~,2330,3370,2320,3358,2327,3367,^KF874627_China_1997,JX017382_China_2011,MW183139_China_2007,6.14E-03,NA,NA,1.73E-02,6.43E-03,3.67E-12,NA,NA,4.85E-05,5
270,361,3388,56,3388,56,3385,56,^KY792585_India_1996,MN580136_China_1999,MG451805_United-Kingdom_2016,1.64E-05,NA,1.88E-04,5.35E-08,2.36E-06,2.91E-08,NA,NA,6.93E-08,6
272,372, 968*, 2334*, 968*, 2332*, 968*, 2331*,^PP621655_Thailand_2019,OQ791511_USA_2009,MW183137_China_2007,4.65E-10,0.032330204,NA,8.05E-13,1.55E-14,1.17E-14,NA,NA,1.63E-19,6
273,373,3340,5396,3339,5395,3337,5383,^JQ397329_China_2010,KX610685_USA_2016,MZ394039_China_2016,7.37E-07,NA,8.61E-08,1.44E-07,1.05E-06,1.44E-14,NA,NA,NA,5
275,376~, 3377*, 3796*, 3369*, 3788*, 3374*, 3793*,^MH614925_China_2010,PP621675_Thailand_2019,Unknown (KF874627_China_1997),3.87E-04,NA,1.05E-03,0.026615235,4.81E-03,6.05E-06,NA,NA,NA,5
276,377, 2888*,3286, 2883*,3281, 2885*,3283,^KX810066_USA_2013,JX476166_India_2010,Unknown (MK689070_Brazil_2014),1.08E-04,6.83E-09,NA,3.31E-05,1.81E-03,1.88E-11,NA,NA,NA,5
278,381,4358,4938,4344,4924,4355,4925,^KF874626_China_2004,MN496161_China_2003,KP266568_China_2009,1.45E-03,NA,5.45E-03,2.77E-02,5.19E-04,1.82E-04,NA,NA,NA,5
280,383, 6270*,4088, 6269*,4087, 6255*,4085,^KY369904_USA_2016,MN590273_France_2019,Unknown (MW183137_China_2007),4.25E-04,NA,5.82E-03,1.93E-04,3.36E-05,2.95E-04,NA,NA,3.14E-07,6
284,389, 2810*,3792, 2803*,3785, 2807*,3789,^PP621614_Thailand_2019,PP621598_Nepal_2023,PP621613_Thailand_2019,9.33E-05,2.17E-02,NA,2.67E-04,1.54E-05,1.41E-10,NA,NA,NA,5
285,391,3386,4128,3386,4128,3383,4125,^MW183137_China_2007,Unknown (PP461541_Thailand_2023),MN590273_France_2019,9.87E-04,NA,1.82E-03,4.13E-04,6.37E-04,1.37E-02,NA,NA,6.39E-03,6
287,433, 4630*, 4968*, 4630*, 4968*, 4618*, 4955*,^MW183139_China_2007,MK689070_Brazil_2014,MW183135_China_2007,1.68E-24,1.88E-06,2.12E-21,1.32E-09,3.78E-05,NA,NA,NA,1.88E-06,6
288,434,4191,4971,4191,4971,4188,4958,^MW183135_China_2007,PP621632_Thailand_2019,MW183137_China_2007,1.10E-17,NA,2.71E-19,4.31E-21,1.79E-11,NA,NA,NA,9.60E-05,5
291,458,6280,3864,6280,3864,6264,3861,HQ738303_Madagascar_2005,ON596434_Nigeria_Poliovirus-2,KF537633_Brazil_Poliovirus-1,1.22E-62,4.90E-49,1.75E-09,3.89E-36,4.20E-20,4.70E-79,NA,NA,5.67E-07,7
292,459,3372,3942,3372,3942,3369,3939,KC897073_China_2012,KF990476_China_2012,KP289441_China_2013,1.05E-27,5.34E-18,2.84E-26,6.58E-11,3.94E-12,2.07E-14,NA,NA,2.99E-19,7
293,460, 2818*, 3366*, 2818*, 3366*, 2815*, 3363*,^KC897073_China_2012,JX976773_China_2010,MH144607_India_2012,1.66E-06,NA,NA,7.11E-04,1.19E-03,1.09E-07,NA,NA,4.57E-05,5
295,467,26, 2333*,26, 2333*,26, 2330*,^MZ394039_China_2016,PP621599_Nepal_2023,JQ041368_Russia_2011,6.01E-28,3.31E-10,NA,5.01E-16,3.38E-14,1.34E-30,NA,NA,2.85E-08,6
296,472,3846,4639,3846,4639,3843,4627,PP891439_China_2019,KP289441_China_2013,PP025903_Spain_2010,4.70E-03,NA,1.77E-02,1.18E-04,1.45E-04,9.75E-17,NA,NA,NA,5
297,474,1103, 2643*,1103, 2643*,1103, 2640*,^KX162682_CentralAfrican_2011,KX162680_Cameroon_Poliovirus-1,ON596425_Nigeria_Poliovirus-2,9.14E-07,9.06E-12,NA,4.81E-10,3.64E-08,9.55E-22,NA,NA,NA,5
301,492,6299,3202,6299,3202,6282,3199,^JX843810_China_2009,MK791148_China_2001,OQ791511_USA_2009,2.26E-33,1.45E-37,NA,6.34E-28,3.82E-18,NA,NA,NA,1.88E-06,5
302,495,4946, 5666*,4946, 5666*,4933, 5653*,ON502336_China_2017,ON502371_China_2018,ON502207_China_2017,2.89E-09,NA,1.71E-07,9.40E-04,4.09E-04,1.24E-03,NA,NA,2.27E-02,6
306,506~,3172, 5061*,3172, 5061*,3169, 5048*,^OQ919474_SouthKorea_2002,Unknown (PP621649_Thailand_2018),MK689070_Brazil_2014,3.37E-02,NA,2.72E-04,4.39E-06,8.89E-05,1.01E-14,NA,NA,NA,5
310,511,5282, 6292*,5282, 6292*,5269, 6275*,MH144607_India_2012,KP289436_China_2013,PP621220_Thailand_2019,0.010605853,NA,NA,1.16E-05,3.34E-06,1.15E-05,NA,NA,2.61E-07,5
311,512, 3953*,6280, 3953*,6280, 3950*,6264,JQ801739_China_2009,MW481633_China_2010,KF990476_China_2012,1.52E-02,NA,NA,1.33E-10,5.92E-08,1.93E-26,NA,NA,3.78E-06,5
316,529,4674,6127,4674,6127,4662,6114,^PP621219_Thailand_2019,KX641241_China_2013,PP621598_Nepal_2023,1.98E-06,NA,1.05E-05,1.63E-08,9.44E-09,6.98E-12,NA,NA,5.94E-06,6
317,530,3452,3897,3452,3897,3449,3894,^KX641241_China_2013,Unknown (MZ229657_China_2019),KP289441_China_2013,3.67E-04,NA,NA,2.92E-04,1.96E-05,1.30E-04,NA,NA,1.75E-05,5
320,536, 2781*, 3845*, 2781*, 3845*, 2778*, 3842*,^KP289439_China_2013,OR095794_China_2020,JX976771_China_2011,2.05E-37,7.02E-11,2.80E-35,1.90E-17,1.38E-16,7.35E-15,NA,NA,NA,6
321,541,3102, 4070*,3102, 4070*,3099, 4067*,^OQ842414_USA_2009,OQ791514_USA_2009,MH043136_Finland_2007,9.00E-24,NA,2.90E-22,2.20E-14,1.20E-12,NA,NA,NA,2.15E-17,5
322,543,3206,3833,3206,3833,3203,3830,^MZ394039_China_2016,OQ842418_USA_2011,KP266570_China_2001,2.75E-10,NA,2.02E-04,2.01E-09,1.34E-05,NA,NA,NA,7.33E-05,5
328,587,3398,4633,3398,4633,3395,4621,OP672300_China_2010,Unknown (HM031191_China_2008),JX843811_China_2009,5.90E-11,NA,1.09E-08,1.85E-15,2.20E-12,8.11E-25,NA,NA,6.97E-17,6
345,641,6292, 2641*,6292, 2641*,6275, 2638*,^KX162682_CentralAfrican_2011,KX162680_Cameroon_Poliovirus-1,OP137301_Israel_Poliovirus-3,1.35E-25,1.79E-25,NA,3.58E-13,1.33E-12,1.36E-26,NA,NA,5.50E-06,6
347,649,4369,6239,4358,6228,4366,6226,^MN914203_Malawi_2004,Unknown (OP137286_Israel_Poliovirus-3),OP137291_Israel_Poliovirus-3,8.97E-07,1.15E-07,NA,2.14E-10,1.02E-06,2.80E-28,NA,NA,NA,5
352,667,5926, 6206*,5926, 6206*,5913, 6193*,PQ238720_USA_2018,MK105986_France_2018,Unknown (PQ238629_USA_2018),8.68E-09,5.55E-05,NA,6.23E-03,2.79E-03,NA,NA,NA,8.15E-09,5
369,710,4390,45,4379,45,4387,45,^MN914203_Malawi_2004,KT353719_Taiwan_Poliovirus-1,GQ865517_Nicaragua_Enterovirus-C109,5.16E-06,NA,1.09E-03,1.48E-06,2.33E-03,4.75E-26,NA,NA,NA,5
370,712,3468,6247,3468,6247,3465,6234,PQ238717_USA_2018,PQ238650_USA_2022,MK105986_France_2018,3.92E-39,8.01E-24,1.47E-24,2.98E-28,4.12E-26,7.71E-19,NA,NA,3.08E-86,7
371,715,1681,2740,1681,2740,1679,2737,ON502309_China_2016,ON502337_China_2017,ON502360_China_2016,2.05E-16,7.62E-07,NA,1.04E-07,2.13E-06,NA,NA,NA,1.65E-05,5
373,717,42,3881,42,3881,42,3878,^KY888273_Germany_2013,MZ436966_Spain_2016,Unknown (MG451806_United-Kingdom_2016),2.26E-12,4.19E-20,NA,2.75E-19,6.21E-14,NA,NA,NA,3.35E-02,5
376,734~, 3371*, 3859*, 3371*, 3859*, 3368*, 3856*,LN854562_Netherlands_2011,MW183139_China_2007,PP025903_Spain_2010,1.34E-04,NA,2.75E-04,7.98E-04,3.17E-04,NA,NA,NA,5.43E-04,5
378,736,3877,5098,3877,5098,3874,5085,^OQ842429_USA_2017,KP289434_China_2013,JX843811_China_2009,1.12E-05,NA,1.42E-03,3.53E-05,5.25E-05,5.48E-09,NA,NA,3.08E-06,6
379,741,3376, 6270*,3376, 6270*,3373, 6255*,^MW183137_China_2007,MF678329_Australia_2006,Unknown (PP025903_Spain_2010),6.97E-08,NA,5.47E-07,5.62E-15,2.99E-11,1.49E-29,NA,NA,NA,5
380,743,3380,76,3380,76,3377,76,PP621649_Thailand_2018,MF678304_Australia_2012,Unknown (PP025903_Spain_2010),1.08E-07,NA,8.66E-06,5.09E-14,3.69E-08,1.13E-22,NA,NA,2.57E-07,6
381,744,2962,3738,2956,3732,2959,3735,OQ842430_USA_2009,MK689070_Brazil_2014,MF678314_Australia_2015,2.15E-07,NA,1.78E-05,3.26E-07,1.14E-05,NA,NA,NA,8.66E-04,5
384,748,51, 967*,51, 967*,51, 967*,^PP621655_Thailand_2019,OQ791511_USA_2009,MF678328_Australia_2009,4.56E-05,NA,NA,4.45E-06,2.44E-06,1.03E-05,NA,NA,4.08E-09,5
386,757,3448,5644,3442,5638,3445,5631,^KX610685_USA_2016,MF678328_Australia_2009,Unknown (PP025903_Spain_2010),3.84E-03,NA,5.70E-03,5.88E-06,3.61E-05,1.50E-16,NA,NA,NA,5
387,761,3678, 4584*,3678, 4584*,3675, 4578*,^MN815812_China_2019,JX843811_China_2009,PP891443_China_2022,6.23E-47,2.77E-09,8.74E-43,8.24E-21,1.32E-15,1.87E-10,NA,NA,2.10E-39,7
388,762~, 4980*, 5093*, 4973*, 5086*, 4967*, 5080*,^MN815810_China_2018,MN580136_China_1999,MN815812_China_2019,1.25E-12,3.45E-02,2.02E-12,1.54E-03,NA,NA,NA,NA,2.50E-03,5
390,764, 4658*, 5016*, 4658*, 5016*, 4646*, 5003*,MN815812_China_2019,OP441393_China_2018,Unknown (JX017381_China_2011),3.28E-03,5.34E-07,NA,4.13E-06,4.12E-07,2.62E-26,NA,NA,8.15E-09,6
391,765,3653,6302,3653,6302,3650,6285,^JX898905_China_2011,KX171336_China_2011,MZ394039_China_2016,3.49E-09,NA,4.66E-09,1.09E-06,1.20E-04,1.31E-16,NA,NA,NA,5
394,768,6300, 2334*,6300, 2334*,6283, 2331*,^HM777023_SouthKorea_2005,PP891443_China_2022,OQ842423_USA_2013,2.48E-19,1.11E-17,NA,1.06E-18,3.50E-08,4.40E-42,NA,NA,1.25E-13,6
395,769, 2814*,4175, 2814*,4175, 2811*,4172,^MG982664_India_2017,KX810066_USA_2013,PP621220_Thailand_2019,1.99E-07,NA,6.46E-07,1.41E-05,2.23E-06,1.00E-09,NA,NA,2.56E-06,6
398,772, 3484*, 3834*, 3484*, 3834*, 3481*, 3831*,^KT353725_Taiwan_2008,JX843811_China_2009,JX976771_China_2011,2.12E-10,NA,3.18E-07,2.03E-08,1.54E-03,NA,NA,NA,4.75E-02,5
399,776,3450,4099,3450,4099,3447,4096,^PP621644_Thailand_2019,OQ791570_USA_2016,PP621691_Nepal_2023,5.14E-07,NA,3.68E-04,1.87E-06,4.72E-05,NA,NA,NA,3.94E-04,5
400,777,2958, 3281*,2958, 3281*,2955, 3278*,^OQ791513_USA_2009,PP621632_Thailand_2019,MZ389230_Spain_2018,4.02E-15,NA,5.82E-12,4.59E-03,5.43E-04,NA,NA,NA,1.22E-08,5
401,779~,2882,3218,2882,3218,2879,3215,^PP621624_Thailand_2019,HM031191_China_2008,MW365443_China_2019,4.76E-04,1.21E-03,NA,3.38E-04,4.13E-05,9.01E-11,NA,NA,9.38E-08,6
402,780, 2965*,4524, 2965*,4524, 2962*,4521,^PP621685_Thailand_2019,PP621680_Thailand_2019,PP621649_Thailand_2018,3.91E-23,2.09E-25,NA,3.79E-14,3.59E-15,NA,NA,NA,5.19E-20,5
403,783,2182,5105,2168,5089,2180,5092,GU550508_China_1999,JX017381_China_2011,MK652137_USA_2018,5.99E-04,NA,2.70E-04,4.29E-03,2.74E-04,7.17E-07,NA,NA,NA,5
405,789,6299,967,6299,967,6282,967,MZ558781_China_2017,PP621655_Thailand_2019,PP621613_Thailand_2019,2.02E-22,3.24E-28,NA,8.68E-18,6.23E-14,NA,NA,NA,1.51E-02,5
406,790,160,2334,160,2334,160,2331,^JX417724_Cameroon_2008,OQ842446_USA_2012,MZ394039_China_2016,3.36E-19,7.38E-13,NA,4.76E-20,8.19E-18,NA,NA,NA,2.71E-05,5
407,791, 2818*, 3385*, 2818*, 3385*, 2815*, 3382*,^OQ842446_USA_2012,OQ842451_USA_2013,Unknown (MW183137_China_2007),7.35E-17,2.66E-04,NA,3.39E-07,2.91E-08,1.20E-11,NA,NA,3.31E-17,6
408,792, 3457*,4438, 3457*,4438, 3454*,4435,^OQ842446_USA_2012,KF878966_Australia_2011,Unknown (PP621681_Thailand_2019),1.26E-09,NA,6.59E-09,1.65E-11,1.57E-11,3.77E-10,NA,NA,2.27E-19,6
409,798~,2982,3859,2982,3859,2979,3856,^PP621627_Thailand_2019,PP621649_Thailand_2018,OQ842418_USA_2011,7.65E-03,NA,9.40E-06,2.42E-04,8.43E-03,1.93E-04,NA,NA,NA,5
414,805~,4348,4986,4348,4986,4345,4973,^PP461528_Nepal_2023,PP621613_Thailand_2019,Unknown (PP461525_Nepal_2023),3.29E-03,NA,2.78E-02,3.82E-02,4.88E-03,8.03E-04,NA,NA,NA,5
418,815~,4202,4632,4200,4630,4199,4620,^PP621598_Nepal_2023,PP621220_Thailand_2019,PP461532_Nepal_2023,2.77E-04,NA,1.08E-02,7.17E-05,4.08E-05,NA,NA,NA,2.04E-07,5
420,819, 2989*,4070, 2989*,4070, 2986*,4067,^KT353721_Taiwan_2008,OQ842439_USA_2010,JX976773_China_2010,1.97E-20,4.10E-16,6.81E-20,1.66E-15,1.35E-16,3.63E-21,NA,NA,3.96E-33,7
421,820, 21*, 2798*, 21*, 2798*, 21*, 2795*,^KT353721_Taiwan_2008,KP290111_China_2013,Unknown (KP289441_China_2013),2.04E-16,4.89E-10,NA,1.26E-06,4.93E-08,NA,NA,NA,1.23E-15,5
422,821,6298,2992,6298,2992,6281,2989,^KP290111_China_2013,OL519579_China_2018,Unknown (PP461528_Nepal_2023),1.47E-11,1.66E-06,NA,1.55E-08,9.46E-08,NA,NA,NA,1.28E-02,5
423,825, 3478*,3773, 3478*,3773, 3475*,3770,^KF042343_China_2012,KF874627_China_1997,JX976771_China_2011,4.26E-05,NA,1.55E-02,5.89E-09,0.010393536,NA,NA,NA,3.79E-02,5
424,827,2839,4209,2839,4209,2836,4206,KF042343_China_2012,Unknown (PP621632_Thailand_2019),MG451809_United-Kingdom_2017,7.75E-07,NA,4.14E-03,9.87E-04,1.01E-04,NA,NA,NA,3.07E-06,5
425,828,5206,6297,5206,6297,5193,6280,PP861090_Hungary_2023,PP621664_Thailand_2019,OR095794_China_2020,4.02E-47,NA,6.63E-13,1.24E-28,1.98E-19,NA,NA,NA,7.70E-33,5
427,834,6288,3786,6288,3786,6271,3783,MK580458_USA_2017,OQ842416_USA_2010,PP621607_Nepal_2023,5.38E-08,4.04E-07,NA,8.75E-03,3.53E-04,NA,NA,NA,9.75E-06,5
429,836,5055,6291,5055,6291,5042,6274,^OQ842416_USA_2010,MH043137_Latvia_2014,OQ791537_USA_2010,4.70E-04,NA,8.53E-05,4.76E-09,3.80E-09,1.42E-18,NA,NA,2.19E-06,6
430,842,4525,6245,4525,6245,4522,6232,^OQ791553_USA_2014,MF678337_Australia_2005,KF878966_Australia_2011,9.05E-09,2.77E-10,7.33E-06,9.43E-09,1.44E-08,NA,NA,NA,9.79E-08,6
432,853, 3408*,4633, 3408*,4633, 3405*,4621,^JN695051_China_2010,OQ791511_USA_2009,JX843811_China_2009,8.26E-09,NA,2.24E-08,3.10E-12,7.32E-11,1.32E-11,NA,NA,2.24E-07,6
434,856,4527, 6302*,4527, 6302*,4524, 6285*,^MH144607_India_2012,MN166092_USA_2015,PP621220_Thailand_2019,1.32E-02,NA,NA,9.36E-06,9.11E-04,6.31E-09,NA,NA,2.26E-03,5
435,865,2601,3298,2595,3292,2598,3295,^JN596587_China_2010,MZ488281_China_2019,Unknown (KP289434_China_2013),1.91E-08,3.17E-10,NA,5.77E-08,5.23E-09,NA,NA,NA,1.11E-06,5
436,866, 6258*,3047, 6251*,3040, 6245*,3044,^OR095792_China_2020,MZ488281_China_2019,Unknown (MW365443_China_2019),2.42E-05,NA,NA,2.08E-05,2.14E-06,1.62E-02,NA,NA,7.45E-06,5
437,867,3269,4279,3269,4279,3266,4276,^MZ488280_China_2019,KP289434_China_2013,MK791150_China_2018,2.02E-04,NA,NA,2.24E-07,1.47E-05,3.26E-04,NA,NA,3.83E-07,5
438,873,3059, 3375*,3059, 3375*,3056, 3372*,^KP289438_China_2013,Unknown (GU550508_China_1999),JX017382_China_2011,2.31E-10,NA,1.66E-08,3.14E-08,3.66E-02,NA,NA,NA,1.44E-03,5
441,876,3165,4156,3165,4156,3162,4153,HQ738286_Madagascar_2005,JX275085_Nigeria_Poliovirus-2,HQ738302_Madagascar_Enterovirus-C,3.07E-45,7.12E-39,9.51E-41,2.74E-25,3.13E-26,1.24E-27,NA,NA,5.65E-56,7
442,877~,6016,6284,6016,6284,6003,6267,HQ738286_Madagascar_2005,KJ170677_Nigeria_Poliovirus-3,OP410410_United-Kingdom_Poliovirus-2,7.33E-07,5.42E-06,2.11E-06,3.87E-03,NA,3.44E-04,NA,NA,NA,5
443,879, 52*, 3315*, 52*, 3315*, 52*, 3312*,HQ738286_Madagascar_2005,MG212454_Russia_Poliovirus-2,OP137297_Israel_Poliovirus-3,1.11E-38,4.69E-39,NA,7.94E-24,6.91E-11,3.25E-41,NA,NA,1.04E-16,6
446,884,3074,6291,3074,6291,3071,6274,^MF574099_China_2010,Unknown (PP621649_Thailand_2018),OQ791517_USA_2009,2.58E-36,4.77E-23,9.75E-27,4.39E-27,1.60E-30,4.06E-33,NA,NA,2.36E-68,7
447,885,3118, 6276*,3118, 6275*,3115, 6261*,^JX017381_China_2011,Unknown (MW183139_China_2007),OQ791517_USA_2009,9.16E-28,1.31E-18,4.28E-20,1.66E-21,1.09E-23,1.93E-28,NA,NA,2.89E-35,7
448,886,3390,6173,3390,6173,3387,6160,^OQ791515_USA_2009,PP621649_Thailand_2018,PP025903_Spain_2010,5.64E-21,2.26E-05,1.17E-17,2.10E-20,3.05E-15,4.55E-33,NA,NA,NA,6
449,887, 2904*,3248, 2904*,3248, 2901*,3245,OQ791517_USA_2009,KJ755189_China_1999,OP441386_China_2013,4.53E-08,NA,2.29E-03,1.51E-03,6.43E-04,NA,NA,NA,6.93E-08,5
451,890,4804, 5329*,4804, 5329*,4791, 5316*,^FJ172447_Australia_2007,KF990476_China_2012,OQ791511_USA_2009,1.33E-09,NA,2.45E-05,8.87E-10,4.22E-07,NA,NA,NA,2.81E-10,5
452,893, 2781*,4956, 2781*,4956, 2778*,4943,^MN749140_USA_2015,JX017381_China_2011,OQ791558_USA_2015,3.32E-22,1.04E-20,7.35E-03,3.72E-14,2.38E-12,4.69E-24,NA,NA,2.41E-15,7
453,894,6228,2802,6228,2802,6215,2799,^KX499536_China_2012,MW365443_China_2019,Unknown (PP621674_Thailand_2019),6.60E-20,6.54E-15,NA,7.38E-08,1.79E-06,NA,NA,NA,3.03E-04,5
454,898,4352,6286,4352,6286,4349,6269,MZ161144_China_2019,OR039178_China_2019,MN590273_France_2019,2.30E-28,6.53E-26,NA,8.26E-25,2.28E-06,NA,NA,NA,2.70E-59,5
457,909, 2650*,3042, 2650*,3042, 2647*,3039,JQ801739_China_2009,MF678344_Australia_2005,OQ842413_USA_2009,8.98E-10,9.62E-05,NA,4.21E-04,1.62E-03,1.66E-08,NA,NA,2.18E-04,6
458,911,6237,3257,6232,3252,6224,3254,KP289434_China_2013,MF678336_Australia_2005,PP621598_Nepal_2023,3.72E-04,NA,NA,2.16E-04,4.74E-04,6.48E-04,NA,NA,4.54E-05,5
461,917,2735,3030,2735,3030,2732,3027,^KX774483_China_2005,HM031191_China_2008,KP266568_China_2009,2.17E-10,5.09E-09,NA,1.45E-04,3.65E-05,3.03E-06,NA,NA,4.09E-06,6
462,918,6299,3382,6299,3382,6282,3379,^OQ791551_USA_2013,MF678341_Australia_2008,PP621664_Thailand_2019,3.44E-58,9.13E-52,9.69E-23,4.45E-35,2.06E-38,NA,NA,NA,8.14E-121,6
463,921,5100,2334,5084,2320,5087,2331,^GU550508_China_1999,Unknown (OQ791532_USA_2010),MF574099_China_2010,1.67E-03,NA,NA,1.20E-05,1.07E-07,6.97E-09,NA,NA,1.39E-07,5
465,925,6294,3292,6294,3292,6277,3289,^MK800120_USA_2018,MF678337_Australia_2005,Unknown (KP233830_Kuwait_2009),3.05E-19,4.31E-18,NA,1.56E-11,2.82E-11,NA,NA,NA,6.52E-08,5
469,929,3214,4076,3208,4070,3211,4073,^JX476166_India_2010,JX476163_India_2009,KR107057_India_2010,1.83E-04,NA,6.83E-03,5.30E-09,5.38E-08,0.027899332,NA,NA,1.14E-07,6
470,933,5656, 6285*,5656, 6285*,5643, 6268*,ON502190_China_2016,Unknown (ON502207_China_2017),MG207963_China_2017,1.36E-20,1.15E-16,1.73E-18,4.42E-14,7.72E-15,3.24E-20,NA,NA,4.72E-34,7
471,934, 4943*, 6303*, 4943*, 6303*, 4930*, 6286*,KU566507_China_2013,MN808794_China_2019,MZ540957_China_2015,1.97E-36,NA,8.24E-14,1.91E-23,2.93E-22,NA,NA,NA,2.00E-51,5
472,935,6278, 3385*,6278, 3385*,6263, 3382*,MZ540957_China_2015,MF678319_Australia_2010,MW183137_China_2007,1.14E-27,2.90E-26,3.28E-03,3.44E-26,6.31E-19,NA,NA,NA,1.12E-21,6
473,936,3575, 4942*,3575, 4942*,3572, 4929*,^KU566507_China_2013,Unknown (MF574099_China_2010),MF678319_Australia_2010,1.63E-14,NA,6.68E-10,1.03E-17,6.14E-15,NA,NA,NA,6.58E-17,5
474,937,4300, 6277*,4300, 6277*,4297, 6262*,^MZ540957_China_2015,KP289441_China_2013,KP266568_China_2009,1.79E-07,2.34E-02,3.45E-03,4.84E-11,1.41E-03,9.58E-19,NA,NA,2.65E-18,7
475,938,3132,3654,3132,3654,3129,3651,^MF678319_Australia_2010,KU379646_China_2013,Unknown (KT006374_Russia_1975),3.23E-06,NA,4.50E-06,1.12E-02,9.27E-04,2.11E-03,NA,NA,NA,5
476,939,2806, 4567*,2804, 4564*,2803, 4564*,^KT006374_Russia_1975,Unknown (JX843811_China_2009),MF678319_Australia_2010,1.65E-09,NA,1.40E-09,2.17E-07,9.52E-09,7.00E-08,NA,NA,4.66E-81,6
479,944,5001,3088,5001,3088,4988,3085,^KP099941_China_2013,HM031191_China_2008,MN481500_China_2013,2.28E-28,8.86E-23,NA,2.76E-19,2.24E-20,NA,NA,NA,1.39E-43,5
480,945,4662, 6305*,4662, 6305*,4650, 6288*,KJ957190_China_2010,MF574099_China_2010,HM031191_China_2008,6.31E-19,1.40E-17,NA,4.65E-16,2.71E-14,NA,NA,NA,1.65E-13,5
482,948,2429,3498,2415,3484,2426,3495,^KF990476_China_2012,Unknown (KJ957190_China_2010),HM031191_China_2008,5.16E-05,8.50E-03,NA,2.38E-07,7.08E-08,NA,NA,NA,2.36E-07,5
